File Name,σ_avg,σ_avg_err,σ_r,σ_r_err,χ²/ν_r,σ_l,σ_l_err,χ²/ν_l
dltdc16_sc01_t_01_09_ns_cut_twc,0.3339307983711664,0.002047682977332021,0.3264224313250572,0.002764424840444194,2.4207576737337315,0.3414391654172756,0.0030215852799741426,4.4189412398694055
dltdc16_sc02_t_02_10_ns_cut_twc,0.41166950535148217,0.002680146380199253,0.47178904706500047,0.004348515876805021,9.186864280652875,0.3515499636379638,0.003134190189882437,9.228861137930163
dltdc16_sc03_t_03_11_ns_cut_twc,0.5206812954976764,0.0037038107346571347,0.4915698919536851,0.004924754247880386,14.658477272290412,0.5497926990416676,0.005533502636723849,4.1303732149105175
dltdc16_sc04_t_04_12_ns_cut_twc,0.3413644655181223,0.0022281541385219266,0.33040526917809593,0.002904653114185608,8.015989746377732,0.3523236618581487,0.0033795966839700567,5.661392761295584
dltdc16_sc09_t_17_25_ns_cut_twc,0.340772593514752,0.002630516061190536,0.33608702315894934,0.004128881645470775,4.783656979996992,0.3454581638705546,0.0032604900475879436,3.9490326714439026
dltdc16_sc10_t_18_26_ns_cut_twc,0.3019379127549695,0.002276758086949437,0.3029124178160007,0.003509780386668638,2.2648585980871063,0.30096340769393826,0.0029010258846337085,10.37481565151018
