File Name,σ_avg,σ_avg_err,σ_r,σ_r_err,χ²/ν_r,σ_l,σ_l_err,χ²/ν_l
dltdc8_pair1_t_01_09_ns_cut_twc,0.36636945400102716,0.0053523132952275,0.33174958939613497,0.006711290039845975,1.1907655512660649,0.40098931860591935,0.008339521355697847,0.9216066183938323
dltdc8_pair2_t_02_10_ns_cut_twc,0.4502334475535885,0.006755404204260398,0.5199233516159397,0.011728154849719513,1.1033456394959775,0.38054354349123726,0.006707632046613536,1.267383611258668
dltdc8_pair3_t_03_11_ns_cut_twc,0.3653798297795956,0.006286451631030135,0.36107890266191894,0.006611988683520927,1.8713990492324992,0.36968075689727226,0.010693900227985902,2.630571998532344
dltdc8_pair4_t_04_12_ns_cut_twc,0.33775567557721986,0.007380673155488514,0.34551242572860225,0.008797554543808763,0.5733427738103788,0.32999892542583753,0.011853285576636756,0.12454495605407578
dltdc8_pair7_t_07_15_ns_cut_twc,0.3013623381472995,0.006484526488977322,0.29264792572007897,0.008826289390716382,0.20139214901012292,0.31007675057452005,0.009502260296178046,2.6442843878468087
dltdc8_pair8_t_08_16_ns_cut_twc,0.3365914965476767,0.005264083599925089,0.3282364327081812,0.006992967874777964,1.031684689785567,0.34494656038717225,0.007870241730107438,1.6732517280079209
